customer_id,first_name,last_name,email,address,city,state,zip_code,country
1000000,Nathaniel,Walton,gcruz@example.org,"29759 Cameron Pike
North Jeremy, AR 99911",South Jason,Washington,79862,Turkmenistan
1000001,Kelly,Rios,kentrodriguez@example.net,"37144 Fuller Motorway Apt. 846
Pughmouth, GA 77871",Doyleside,Illinois,41714,Dominican Republic
1000002,Cindy,Lewis,martinamy@example.org,"251 Michael Green
Wilsonborough, VI 22474",North Kimberlyport,Alabama,15713,Cameroon
1000003,Thomas,Cohen,stephanie73@example.com,"2777 Brooks Manor
Port Melissa, OH 13073",Pattersonhaven,Connecticut,20632,Cote d'Ivoire
1000004,Jennifer,Vargas,jacob32@example.net,"3218 Jessica Meadows Apt. 676
Caldwellborough, CT 65226",Shaneville,Louisiana,81551,Holy See (Vatican City State)
1000005,Julia,Johnson,bstevens@example.net,"5915 Williams Village
Bakerstad, WA 37674",West Wesley,West Virginia,42779,Burundi
1000006,Julie,Armstrong,harmonemily@example.net,"63834 Robert Neck
Julianhaven, MO 48662",West Shanemouth,West Virginia,85879,Jordan
1000007,Andrew,Navarro,znelson@example.net,"23067 Mcneil Village Apt. 943
East Michael, VT 89923",West Robert,Vermont,48099,Cuba
1000008,Tiffany,Gray,lglass@example.org,"561 Joshua Knoll Apt. 819
Ashleyport, HI 68568",Phamfurt,California,51750,United States Virgin Islands
1000009,Shirley,Robinson,awebb@example.net,"97539 Dwayne Roads Suite 469
Johnsonmouth, LA 85240",South Christinafort,Massachusetts,40586,Afghanistan
1000010,Jessica,Aguirre,udavidson@example.net,"99545 Torres Turnpike Suite 527
New Rachel, VI 93270",North Richard,Georgia,00837,Egypt
1000011,Richard,Cross,angela84@example.net,"52575 Ashley Squares
Lake Albertbury, MH 08459",Aprilton,Rhode Island,87142,Antigua and Barbuda
1000012,Nicole,Raymond,nielsencynthia@example.com,"228 Murillo Squares Suite 233
East Melvinport, MD 54215",Markstad,Connecticut,98316,Peru
1000013,Kimberly,Velasquez,wilcoxmichael@example.com,"96724 Jones Drive
Richardstad, DE 75061",North Johnview,Minnesota,94084,Anguilla
1000014,Ann,Cook,elizabeththompson@example.com,"153 Lee Ferry Apt. 565
North Adam, ME 50532",West Branditon,Michigan,06020,Bahamas
1000015,Sandra,Barr,seth39@example.com,"6059 Daniel Lane
Lake Gina, MA 61566",Harperside,Indiana,94118,Papua New Guinea
1000016,Robert,David,bhammond@example.com,"2508 Angela Village
Danachester, MS 63554",West Annamouth,New Jersey,07312,Saint Martin
1000017,Michael,Stokes,abeck@example.org,"1818 Cain Street
Josephfurt, PA 61612",Lake Thomaschester,Ohio,79518,Liberia
1000018,Michael,Clayton,claytondalton@example.net,"80022 Hudson Station
South Bonnie, AR 68365",Lake Danielton,Arizona,77196,Austria
1000019,Margaret,Kim,maxsmith@example.net,"3942 Leonard Avenue Suite 795
Kaylabury, KY 29664",South Megan,Utah,61942,Italy
1000020,Andrea,Goodman,cbeasley@example.com,"02865 Cox Pines
Maysstad, GA 61137",West Carlosbury,Indiana,30013,Albania
1000021,Vincent,Lawson,whiteashley@example.org,"812 Sarah Spring
Coxshire, WY 42355",East Cassandratown,Iowa,37606,Cayman Islands
1000022,Dana,Weber,michaelgrant@example.org,"78517 Nicole Overpass Suite 491
Horntown, DC 01799",Woodschester,Mississippi,72845,Senegal
1000023,Tommy,Price,jonessara@example.net,"00269 Brittany Plains
Warrenport, ME 68075",Douglasport,Maine,22165,Reunion
1000024,Timothy,Bell,andreawilson@example.com,"6175 Jennifer Green Apt. 734
West Christopher, VA 44267",East Kylietown,Massachusetts,58419,Cook Islands
1000025,Shannon,Gonzalez,randyadams@example.com,"9257 Barber Highway Suite 259
New Catherineland, ND 41710",East Charlestown,Washington,17501,Mali
1000026,Kimberly,Young,morganweber@example.org,"62573 Johnson Drive
Taylorshire, WY 22323",Sheilaland,Louisiana,74172,Botswana
1000027,Pamela,Freeman,qgraham@example.com,"USNV Wright
FPO AA 12867",West Tracyview,New Mexico,55890,Lebanon
1000028,Tara,Mcdonald,brianwilson@example.net,"627 Vanessa Manors Suite 918
Lake Christychester, SD 69522",New Andrewfort,Nebraska,10122,Cook Islands
1000029,Tammy,Williams,zgarcia@example.com,"Unit 9347 Box 5520
DPO AA 65865",Port Cesarfort,North Carolina,44547,Bhutan
1000030,Shane,Kelley,zhernandez@example.net,"83442 Sara View
Lake Douglasville, MO 43715",Leeborough,Washington,99207,Azerbaijan
1000031,Nicholas,Fox,jessicathomas@example.net,"368 John Stravenue
Hallstad, OR 05784",East Daniel,Nevada,95490,Moldova
1000032,Kathleen,Wagner,lancetucker@example.net,"8108 Laurie Plaza Apt. 864
Anthonyhaven, LA 42296",Sheppardmouth,New York,67146,Micronesia
1000033,Brett,Serrano,patricia97@example.org,"034 Jones Forest Apt. 957
Gabrielleport, AK 04270",Brownland,Maine,13272,Cameroon
1000034,Victoria,Day,jordandeborah@example.org,"55647 Matthew Walks Suite 686
Brianland, NJ 73569",New Karenville,California,56406,Jamaica
1000035,Michael,Cole,pamelakelly@example.com,"USCGC Gordon
FPO AA 58291",South Gabriela,South Carolina,46424,Rwanda
1000036,Donald,Scott,wharrison@example.com,"1111 Gomez Oval
West Micheleshire, KY 05489",Port Sydneyberg,Colorado,82292,Tanzania
1000037,Michael,Gaines,dhughes@example.com,"USS Gilbert
FPO AE 05871",Castromouth,Indiana,82397,Suriname
1000038,Penny,Juarez,michelle55@example.com,"612 Heather Lights
New Joseph, KS 41079",South Thomasland,North Carolina,31695,Australia
1000039,Kathy,Burnett,ashleymunoz@example.com,"575 Lewis Station
Rossland, KY 68533",Ericafort,Florida,02918,Malawi
1000040,James,Smith,gregory53@example.org,"67204 Debra Centers Apt. 510
Port Matthew, MO 99432",Mariatown,Ohio,31835,Benin
1000041,Kevin,Peters,meltonadam@example.com,"USNV Trujillo
FPO AE 32077",Robertmouth,Arizona,34712,United States Virgin Islands
1000042,Christopher,Newton,kmaldonado@example.net,"35903 Pratt Prairie Suite 598
Patrickburgh, MP 69821",Port Joefurt,Pennsylvania,63664,Kenya
1000043,Megan,Evans,david04@example.com,"1802 Whitney Forges
Hughesstad, NH 76370",Melissaside,West Virginia,60647,Montserrat
1000044,Tracy,Cooper,nicolethomas@example.org,"0219 Carter Landing Apt. 967
Vazquezview, CT 33146",Sharonview,Idaho,75306,Niue
1000045,Mary,Cruz,ronald96@example.com,"90372 Latasha Turnpike
Brooketown, AZ 40985",East Andrew,Wyoming,27223,Kuwait
1000046,Krista,Hernandez,aliciaevans@example.org,"36846 Linda Views
Gardnerside, AS 79604",Matthewberg,Iowa,97673,Morocco
1000047,Laura,Johnson,mejiadonna@example.com,"7298 Kayla Club Suite 019
New Emily, LA 90186",West Brianport,Indiana,18688,Maldives
1000048,Tammy,Jimenez,kimerica@example.net,"095 Chaney Cape
Lake Juliehaven, RI 99402",Smithburgh,Missouri,83723,Myanmar
1000049,Brian,Oneal,ashley79@example.com,"9772 Allison Ferry Suite 580
Lake Michael, PW 56120",Port Johnburgh,Massachusetts,06126,Morocco
1000050,Kristin,Fox,markstephens@example.net,"7931 Brock Prairie Suite 366
Rachelberg, UT 13201",Cruzberg,Tennessee,41370,Comoros
1000051,Henry,Watson,ramirezkimberly@example.net,"9334 Rose Plains Apt. 577
Lake Chase, IN 14102",West Todd,Massachusetts,80777,Niger
1000052,Kim,Brown,kristophermiller@example.com,"394 Traci Common Suite 148
Romerobury, NJ 41296",East Heather,Minnesota,12848,Belize
1000053,Scott,Johnson,riosthomas@example.org,"009 Michelle Glens
New Tristan, WI 78051",Kimshire,Kansas,99659,Tokelau
1000054,Jessica,Boyd,mikehoward@example.com,"6859 Abigail Ville
Kochtown, VI 39355",Jeremiahchester,Wyoming,53427,Oman
1000055,Brent,Matthews,joshua49@example.com,"239 Ryan Flat
Katherineland, MP 68857",Port Rachelland,Ohio,18671,Saint Pierre and Miquelon
1000056,Elizabeth,Hawkins,irodriguez@example.net,"114 Perez Mall Apt. 099
Grayborough, TN 16023",Ortizview,New Jersey,15554,Brazil
1000057,Austin,Tran,usoto@example.net,"22662 Johnny Ranch Apt. 654
East Stephanieborough, FM 56053",Thomaschester,Wyoming,07336,Australia
1000058,Kristen,Gomez,garciaantonio@example.net,"9974 Torres Mountains Suite 809
East Fred, AR 78799",Alisonmouth,Illinois,13691,Vanuatu
1000059,David,Ray,ejones@example.net,"36421 Scott Freeway Suite 887
East Deniseland, HI 54775",Moranland,Alaska,98276,Chad
1000060,Brandy,Nelson,pwilliams@example.com,"980 Jennifer Via Apt. 663
New Teresabury, GA 57147",South Jennyborough,Virginia,70834,Saudi Arabia
1000061,Erica,Morales,youngjustin@example.net,"459 Michael Divide
Ortizshire, IN 37211",West Carolton,Maine,18028,Philippines
1000062,Jason,Grimes,lewiseric@example.org,"7306 Eric Ports
Port Whitneytown, WA 22306",South Jessica,Maine,00750,Nauru
1000063,James,Shaffer,karen54@example.com,"396 Dalton Green Apt. 997
Port Zachary, OR 56158",South Joel,Michigan,34416,Azerbaijan
1000064,Joseph,Kelly,justin57@example.com,"400 Diane Mission Suite 361
Marktown, OH 38085",North Kevin,Washington,95075,Latvia
1000065,Kristen,Khan,johnsonjames@example.com,"26016 Todd Shoal Suite 768
Peterstown, HI 00691",North Kristenborough,Washington,08136,Namibia
1000066,Gregory,Washington,christopher53@example.org,"136 Andrew Haven
West Christophermouth, KY 54779",East Anita,Illinois,62525,Heard Island and McDonald Islands
1000067,Lawrence,Brown,ashleymark@example.net,"072 Nicole Canyon
Maxwellville, WV 87900",South James,Mississippi,80794,United Kingdom
1000068,Samantha,Shepard,martinezalexandra@example.net,"5090 Carolyn Hollow
South Brettton, RI 79321",Angelatown,Hawaii,08476,South Africa
1000069,Susan,Gonzalez,shane23@example.net,"4611 Sara Manor Apt. 520
New Tylerbury, HI 25925",North Jason,Arizona,76271,Israel
1000070,Chris,Huff,lthomas@example.org,"99242 Amy Route Suite 502
West Adam, KS 39233",West Joshua,Alabama,96582,Kazakhstan
1000071,James,Padilla,jscott@example.com,"6433 Silva Expressway
Bobbyfort, MD 67601",Susanfort,Alabama,23437,Sao Tome and Principe
1000072,Denise,Stuart,sylviakelley@example.com,"45900 Tara Mount Apt. 075
Lake Jared, AZ 69938",Summerchester,Minnesota,72500,Cuba
1000073,Jason,Mccarthy,patriciamendoza@example.net,"176 Debra Mountain Apt. 397
South Lindaberg, ND 06106",New Frankfort,Alabama,91646,Togo
1000074,Craig,Wright,sandersdawn@example.org,"675 Mata Vista Apt. 709
Alvarezport, WV 58405",North Seanstad,Kansas,15212,North Macedonia
1000075,Ronald,Thomas,tylerdanny@example.com,"6800 Michelle Crossing Suite 522
Gabrielleville, WY 77525",South Sarah,Michigan,49115,Palau
1000076,Rose,Fuentes,scurry@example.org,"3585 Amy Prairie
Michellehaven, OR 49208",Hughesshire,Illinois,12892,Estonia
1000077,James,Richardson,rlawrence@example.net,"9175 Carla Ranch
South Cassandrafort, FM 20068",Kimtown,Rhode Island,47870,Zambia
1000078,Stefanie,Malone,lmeadows@example.net,"6331 Dawson Valley Apt. 191
Port Joshuaside, KS 29349",East Chasetown,Illinois,61216,Pakistan
1000079,Alison,Ochoa,wendy85@example.com,"69598 Melanie Mission
Johnsonfurt, FM 33202",Reginaview,Oklahoma,17141,Congo
1000080,Veronica,Wood,lambertgina@example.com,"5976 Campbell Motorway Apt. 487
Kaylastad, LA 46682",Port Bettyland,Vermont,88822,Rwanda
1000081,Raymond,Stanley,obrienkimberly@example.org,"66867 Moore Shore Suite 182
Davidton, NY 08132",Lukeville,Connecticut,52478,Papua New Guinea
1000082,Charles,Kelley,johnbrown@example.org,"972 Mendez Locks
West Abigailhaven, RI 05487",New David,Michigan,43985,Benin
1000083,James,Simmons,amber44@example.org,"6593 Alexandra Route Apt. 105
South Matthew, AS 39963",Chadview,Montana,53082,Chile
1000084,Nathan,Brooks,ramseyjames@example.org,"30254 Jerry Ford Suite 321
Lake Barbara, FM 94655",Lake Kathryn,Iowa,37489,Albania
1000085,Vanessa,Jenkins,fisherjudith@example.org,"619 Gonzalez Mall
Lake Deborah, AK 64350",North Michael,Missouri,25245,Egypt
1000086,Robert,Scott,kellyfowler@example.org,"7333 Cooper Mountains Suite 492
Tannerchester, NV 02888",South William,South Dakota,09033,Jamaica
1000087,Mathew,Patton,michelle77@example.org,"605 Wilson Ports Apt. 950
Lake Kimberly, ME 76701",North Shannonfort,California,02475,Malaysia
1000088,Cynthia,Mendez,todd47@example.net,"7553 Gonzalez Centers Apt. 320
East Gwendolyn, DE 47159",Morenochester,Pennsylvania,44640,Korea
1000089,Evan,Miller,timothy99@example.net,"2295 Wilson Rapid
New Edward, CA 76330",Jacksonburgh,West Virginia,12093,Guinea
1000090,Amy,Foley,megan33@example.com,"886 Ronald Pines Apt. 820
North Victorialand, ND 43131",Leeville,Rhode Island,50746,Pakistan
1000091,Felicia,Bates,hernandezrachel@example.com,"3771 Lynn Prairie
South Christopher, MD 62487",New Jordanhaven,California,85026,French Guiana
1000092,Jennifer,Carroll,brian00@example.org,"53670 Michelle Mill
Lake Cesar, SC 03932",South Nathanberg,New Jersey,07823,China
1000093,Emily,Clark,beckmark@example.com,"16118 Le Throughway Suite 905
Floresfurt, VT 21218",Harrisonchester,Iowa,48223,Jamaica
1000094,John,Reynolds,npeck@example.com,"971 Fisher Port
West Heather, MP 95642",West Debraport,New Mexico,64694,Timor-Leste
1000095,Lindsey,Graham,spencer88@example.net,"507 Cantu Glen Apt. 265
Port Pamela, IN 24262",New Meredith,Idaho,27985,Zambia
1000096,Caleb,Williams,smithjerry@example.net,"44111 Glass Villages
South Robert, VT 76903",West Catherine,Louisiana,41594,Solomon Islands
1000097,Amanda,Jones,josephshaw@example.com,"95890 Houston Port Apt. 330
West Lisa, UT 45382",Haleyton,Vermont,62278,Antigua and Barbuda
1000098,Amy,Freeman,andrea46@example.org,"8840 Nichols Springs Apt. 035
West Ellen, GA 07843",Joshire,West Virginia,72608,Turks and Caicos Islands
1000099,Dennis,Smith,john34@example.net,"6057 Arthur Land
West Jeffery, HI 32621",South Alexander,Alabama,91391,Paraguay
